capture_time_utc,recv_ts_ms,exchange_ts,exchange_ts_ms,symbol,bid,ask,bid_qty,ask_qty,raw_age_ms,adjusted_age_ms,e2e_since_sub_ms
2026-02-22T14:18:10.163945+00:00,1771769890163.920,2026-02-22T14:18:11.467670Z,1771769891467.670,BTC/EUR,57355.2,57355.3,0.11902169,0.10930593,-1303.750,105.180,13.463
2026-02-22T14:18:10.404673+00:00,1771769890404.648,2026-02-22T14:18:11.785301Z,1771769891785.301,BTC/EUR,57355.2,57355.3,0.11902169,0.14094352,-1380.653,28.277,254.191
2026-02-22T14:18:10.404708+00:00,1771769890404.699,2026-02-22T14:18:11.785301Z,1771769891785.301,BTC/EUR,57353.8,57355.3,0.03305,0.14094352,-1380.602,28.329,254.242
2026-02-22T14:18:10.404728+00:00,1771769890404.719,2026-02-22T14:18:11.787536Z,1771769891787.536,BTC/EUR,57353.8,57353.9,0.03305,0.03163759,-1382.817,26.114,254.262
2026-02-22T14:18:10.713179+00:00,1771769890713.147,2026-02-22T14:18:12.112849Z,1771769892112.849,BTC/EUR,57353.8,57353.9,0.04785,0.03163759,-1399.702,9.229,562.690
2026-02-22T14:18:10.748592+00:00,1771769890748.574,2026-02-22T14:18:12.129165Z,1771769892129.165,BTC/EUR,57353.8,57353.9,0.26247164,0.03163759,-1380.591,28.339,598.117
2026-02-22T14:18:10.766677+00:00,1771769890766.660,2026-02-22T14:18:12.155470Z,1771769892155.470,BTC/EUR,57353.8,57353.9,0.38159624,0.03163759,-1388.810,20.121,616.203
2026-02-22T14:18:10.766708+00:00,1771769890766.700,2026-02-22T14:18:12.155470Z,1771769892155.470,BTC/EUR,57353.8,57355.3,0.38159624,0.02405993,-1388.770,20.161,616.243
2026-02-22T14:18:10.766725+00:00,1771769890766.720,2026-02-22T14:18:12.156847Z,1771769892156.847,BTC/EUR,57354.9,57355.3,0.0148,0.02405993,-1390.127,18.803,616.263
2026-02-22T14:18:10.766738+00:00,1771769890766.734,2026-02-22T14:18:12.158347Z,1771769892158.347,BTC/EUR,57355.2,57355.3,0.11912169,0.02405993,-1391.613,17.318,616.277
2026-02-22T14:18:10.766750+00:00,1771769890766.746,2026-02-22T14:18:12.161059Z,1771769892161.059,BTC/EUR,57355.2,57355.3,0.13392169,0.02405993,-1394.312,14.618,616.289
2026-02-22T14:18:11.110065+00:00,1771769891110.023,2026-02-22T14:18:12.508780Z,1771769892508.780,BTC/EUR,57355.2,57355.3,0.0148,0.02405993,-1398.757,10.173,959.566
2026-02-22T14:18:11.110123+00:00,1771769891110.112,2026-02-22T14:18:12.508891Z,1771769892508.891,BTC/EUR,57355.2,57355.3,0.0148,0.05569752,-1398.779,10.152,959.655
2026-02-22T14:18:11.113233+00:00,1771769891113.200,2026-02-22T14:18:12.514888Z,1771769892514.888,BTC/EUR,57355.2,57355.3,0.13392169,0.05569752,-1401.688,7.243,962.743
2026-02-22T14:18:11.114046+00:00,1771769891114.036,2026-02-22T14:18:12.515704Z,1771769892515.704,BTC/EUR,57355.2,57355.3,0.13392169,0.02405993,-1401.668,7.263,963.579
2026-02-22T14:18:11.782056+00:00,1771769891782.006,2026-02-22T14:18:13.182205Z,1771769893182.205,BTC/EUR,57355.2,57355.3,0.0148,0.02405993,-1400.199,8.731,1631.549
2026-02-22T14:18:11.782128+00:00,1771769891782.115,2026-02-22T14:18:13.182322Z,1771769893182.322,BTC/EUR,57355.2,57355.3,0.0148,0.05569752,-1400.207,8.723,1631.658
2026-02-22T14:18:11.789584+00:00,1771769891789.556,2026-02-22T14:18:13.182322Z,1771769893182.322,BTC/EUR,57353.9,57355.3,0.11912439,0.05569752,-1392.766,16.165,1639.099
2026-02-22T14:18:11.790947+00:00,1771769891790.925,2026-02-22T14:18:13.190572Z,1771769893190.572,BTC/EUR,57353.9,57355.2,0.11912439,0.03163759,-1399.647,9.283,1640.468
2026-02-22T14:18:11.790988+00:00,1771769891790.978,2026-02-22T14:18:13.190800Z,1771769893190.800,BTC/EUR,57354.3,57355.2,0.0148,0.03163759,-1399.822,9.108,1640.521
2026-02-22T14:18:11.791009+00:00,1771769891791.002,2026-02-22T14:18:13.190572Z,1771769893190.572,BTC/EUR,57353.9,57355.2,0.11912439,0.03163759,-1399.570,9.361,1640.545
2026-02-22T14:18:11.797021+00:00,1771769891797.004,2026-02-22T14:18:13.192774Z,1771769893192.774,BTC/EUR,57354.4,57355.2,0.11912335,0.03163759,-1395.770,13.161,1646.547
2026-02-22T14:18:11.797050+00:00,1771769891797.043,2026-02-22T14:18:13.194471Z,1771769893194.471,BTC/EUR,57353.9,57355.2,0.11912439,0.03163759,-1397.428,11.503,1646.586
2026-02-22T14:18:11.799259+00:00,1771769891799.242,2026-02-22T14:18:13.200544Z,1771769893200.544,BTC/EUR,57353.9,57355.2,0.11912439,0.03147562,-1401.302,7.628,1648.785
2026-02-22T14:18:11.813170+00:00,1771769891813.144,2026-02-22T14:18:13.207076Z,1771769893207.076,BTC/EUR,57353.9,57355.2,0.13392439,0.03147562,-1393.932,14.999,1662.687
2026-02-22T14:18:11.813211+00:00,1771769891813.200,2026-02-22T14:18:13.208153Z,1771769893208.153,BTC/EUR,57354.0,57355.2,0.0148,0.03147562,-1394.953,13.978,1662.743
2026-02-22T14:18:11.813233+00:00,1771769891813.226,2026-02-22T14:18:13.208689Z,1771769893208.689,BTC/EUR,57354.0,57355.2,0.13392418,0.03147562,-1395.463,13.468,1662.769
2026-02-22T14:18:11.813252+00:00,1771769891813.246,2026-02-22T14:18:13.209003Z,1771769893209.003,BTC/EUR,57354.0,57355.2,0.11912418,0.03147562,-1395.757,13.173,1662.789
2026-02-22T14:18:11.813268+00:00,1771769891813.263,2026-02-22T14:18:13.210370Z,1771769893210.370,BTC/EUR,57354.1,57355.2,0.11912397,0.03147562,-1397.107,11.823,1662.806
2026-02-22T14:18:11.813285+00:00,1771769891813.279,2026-02-22T14:18:13.211299Z,1771769893211.299,BTC/EUR,57354.1,57355.2,0.13392397,0.03147562,-1398.020,10.911,1662.822
2026-02-22T14:18:11.813300+00:00,1771769891813.295,2026-02-22T14:18:13.212087Z,1771769893212.087,BTC/EUR,57354.2,57355.2,0.11912377,0.03147562,-1398.792,10.139,1662.838
2026-02-22T14:18:11.813320+00:00,1771769891813.311,2026-02-22T14:18:13.214372Z,1771769893214.372,BTC/EUR,57353.9,57355.2,0.11912439,0.03147562,-1401.061,7.869,1662.854
2026-02-22T14:18:11.816185+00:00,1771769891816.161,2026-02-22T14:18:13.217042Z,1771769893217.042,BTC/EUR,57354.2,57355.2,0.0148,0.03147562,-1400.881,8.050,1665.704
2026-02-22T14:18:11.818093+00:00,1771769891818.077,2026-02-22T14:18:13.214372Z,1771769893214.372,BTC/EUR,57353.9,57355.2,0.11912439,0.03147562,-1396.295,12.636,1667.620
2026-02-22T14:18:11.818121+00:00,1771769891818.114,2026-02-22T14:18:13.218866Z,1771769893218.866,BTC/EUR,57354.3,57355.2,0.11912356,0.03147562,-1400.752,8.178,1667.657
2026-02-22T14:18:11.823820+00:00,1771769891823.812,2026-02-22T14:18:13.220564Z,1771769893220.564,BTC/EUR,57353.9,57355.2,0.11912439,0.03147562,-1396.752,12.178,1673.354
2026-02-22T14:18:11.823837+00:00,1771769891823.833,2026-02-22T14:18:13.222480Z,1771769893222.480,BTC/EUR,57353.9,57355.2,0.13392439,0.03147562,-1398.647,10.283,1673.375
2026-02-22T14:18:11.823850+00:00,1771769891823.846,2026-02-22T14:18:13.222873Z,1771769893222.873,BTC/EUR,57354.0,57355.2,0.0148,0.03147562,-1399.027,9.904,1673.389
2026-02-22T14:18:11.824093+00:00,1771769891824.086,2026-02-22T14:18:13.223797Z,1771769893223.797,BTC/EUR,57353.9,57355.2,0.11912439,0.03147562,-1399.711,9.219,1673.629
2026-02-22T14:18:11.824107+00:00,1771769891824.103,2026-02-22T14:18:13.224057Z,1771769893224.057,BTC/EUR,57354.0,57355.2,0.11912418,0.03147562,-1399.954,8.976,1673.646
2026-02-22T14:18:11.828143+00:00,1771769891828.128,2026-02-22T14:18:13.225933Z,1771769893225.933,BTC/EUR,57354.1,57355.2,0.11912397,0.03147562,-1397.805,11.125,1677.671
2026-02-22T14:18:11.828173+00:00,1771769891828.166,2026-02-22T14:18:13.227304Z,1771769893227.304,BTC/EUR,57353.9,57355.2,0.11912439,0.03147562,-1399.138,9.792,1677.709
2026-02-22T14:18:11.830404+00:00,1771769891830.375,2026-02-22T14:18:13.228326Z,1771769893228.326,BTC/EUR,57354.1,57355.2,0.0148,0.03147562,-1397.951,10.979,1679.918
2026-02-22T14:18:11.830455+00:00,1771769891830.443,2026-02-22T14:18:13.228391Z,1771769893228.391,BTC/EUR,57354.2,57355.2,0.0148,0.03147562,-1397.948,10.982,1679.986
2026-02-22T14:18:11.830484+00:00,1771769891830.475,2026-02-22T14:18:13.227304Z,1771769893227.304,BTC/EUR,57353.9,57355.2,0.11912439,0.03147562,-1396.829,12.101,1680.018
2026-02-22T14:18:11.830508+00:00,1771769891830.500,2026-02-22T14:18:13.230031Z,1771769893230.031,BTC/EUR,57354.2,57355.2,0.11912377,0.03147562,-1399.531,9.399,1680.043
2026-02-22T14:18:11.832781+00:00,1771769891832.766,2026-02-22T14:18:13.231384Z,1771769893231.384,BTC/EUR,57353.9,57355.2,0.11912439,0.03147562,-1398.618,10.312,1682.309
2026-02-22T14:18:11.834091+00:00,1771769891834.077,2026-02-22T14:18:13.235418Z,1771769893235.418,BTC/EUR,57354.4,57355.2,0.0148,0.03147562,-1401.341,7.589,1683.620
2026-02-22T14:18:11.838391+00:00,1771769891838.380,2026-02-22T14:18:13.231384Z,1771769893231.384,BTC/EUR,57353.9,57355.2,0.11912439,0.03147562,-1393.004,15.926,1687.923
2026-02-22T14:18:11.838429+00:00,1771769891838.423,2026-02-22T14:18:13.236991Z,1771769893236.991,BTC/EUR,57354.5,57355.2,0.11912314,0.03147562,-1398.568,10.362,1687.966
2026-02-22T14:18:11.838448+00:00,1771769891838.442,2026-02-22T14:18:13.238460Z,1771769893238.460,BTC/EUR,57353.9,57355.2,0.11912439,0.03147562,-1400.018,8.912,1687.985
2026-02-22T14:18:11.841822+00:00,1771769891841.807,2026-02-22T14:18:13.239143Z,1771769893239.143,BTC/EUR,57353.9,57354.6,0.11912439,0.03163759,-1397.336,11.595,1691.350
2026-02-22T14:18:11.841846+00:00,1771769891841.841,2026-02-22T14:18:13.239813Z,1771769893239.813,BTC/EUR,57353.9,57354.6,0.13392439,0.03163759,-1397.972,10.958,1691.384
2026-02-22T14:18:11.841861+00:00,1771769891841.856,2026-02-22T14:18:13.240017Z,1771769893240.017,BTC/EUR,57354.0,57354.6,0.11912418,0.03163759,-1398.160,10.770,1691.399
2026-02-22T14:18:11.841873+00:00,1771769891841.869,2026-02-22T14:18:13.240873Z,1771769893240.873,BTC/EUR,57354.0,57355.2,0.11912418,0.03163759,-1399.004,9.927,1691.412
2026-02-22T14:18:11.845503+00:00,1771769891845.484,2026-02-22T14:18:13.241552Z,1771769893241.552,BTC/EUR,57354.5,57355.2,0.11912314,0.03163759,-1396.068,12.863,1695.027
2026-02-22T14:18:11.845529+00:00,1771769891845.522,2026-02-22T14:18:13.242805Z,1771769893242.805,BTC/EUR,57354.0,57355.2,0.11912418,0.03163759,-1397.283,11.648,1695.065
2026-02-22T14:18:11.845544+00:00,1771769891845.539,2026-02-22T14:18:13.243533Z,1771769893243.533,BTC/EUR,57354.0,57354.6,0.11912418,0.03163759,-1397.994,10.937,1695.082
2026-02-22T14:18:11.845557+00:00,1771769891845.553,2026-02-22T14:18:13.244189Z,1771769893244.189,BTC/EUR,57353.9,57354.6,0.11912439,0.03163759,-1398.636,10.294,1695.096
2026-02-22T14:18:11.851452+00:00,1771769891851.436,2026-02-22T14:18:13.244189Z,1771769893244.189,BTC/EUR,57353.9,57355.3,0.11912439,0.02405993,-1392.753,16.178,1700.979
2026-02-22T14:18:11.851476+00:00,1771769891851.471,2026-02-22T14:18:13.245629Z,1771769893245.629,BTC/EUR,57354.5,57355.3,0.11912314,0.02405993,-1394.158,14.772,1701.014
2026-02-22T14:18:11.851674+00:00,1771769891851.667,2026-02-22T14:18:13.247234Z,1771769893247.234,BTC/EUR,57354.5,57355.2,0.11912314,0.03163759,-1395.567,13.363,1701.210
2026-02-22T14:18:11.851689+00:00,1771769891851.685,2026-02-22T14:18:13.247658Z,1771769893247.658,BTC/EUR,57353.9,57355.2,0.11912439,0.03163759,-1395.973,12.957,1701.228
2026-02-22T14:18:11.851701+00:00,1771769891851.697,2026-02-22T14:18:13.248828Z,1771769893248.828,BTC/EUR,57353.9,57354.6,0.11912439,0.03163759,-1397.131,11.799,1701.240
2026-02-22T14:18:11.851712+00:00,1771769891851.708,2026-02-22T14:18:13.250616Z,1771769893250.616,BTC/EUR,57353.9,57355.2,0.11912439,0.03163759,-1398.907,10.023,1701.251
2026-02-22T14:18:11.851723+00:00,1771769891851.720,2026-02-22T14:18:13.250863Z,1771769893250.863,BTC/EUR,57354.5,57355.2,0.11912314,0.03163759,-1399.143,9.787,1701.263
2026-02-22T14:18:11.853976+00:00,1771769891853.966,2026-02-22T14:18:13.252476Z,1771769893252.476,BTC/EUR,57354.0,57355.2,0.11912418,0.03163759,-1398.510,10.420,1703.509
2026-02-22T14:18:11.854002+00:00,1771769891853.994,2026-02-22T14:18:13.253322Z,1771769893253.322,BTC/EUR,57354.0,57354.6,0.11912418,0.03163759,-1399.328,9.603,1703.537
2026-02-22T14:18:11.854024+00:00,1771769891854.016,2026-02-22T14:18:13.254084Z,1771769893254.084,BTC/EUR,57354.0,57354.6,0.12038308,0.03163759,-1400.068,8.863,1703.559
2026-02-22T14:18:11.854046+00:00,1771769891854.038,2026-02-22T14:18:13.254107Z,1771769893254.107,BTC/EUR,57354.0,57354.6,0.0012589,0.03163759,-1400.069,8.862,1703.581
2026-02-22T14:18:11.865017+00:00,1771769891865.002,2026-02-22T14:18:13.254107Z,1771769893254.107,BTC/EUR,57354.0,57355.3,0.0012589,0.02405993,-1389.105,19.825,1714.545
2026-02-22T14:18:11.865043+00:00,1771769891865.037,2026-02-22T14:18:13.256158Z,1771769893256.158,BTC/EUR,57354.5,57355.3,0.11912314,0.02405993,-1391.121,17.810,1714.580
2026-02-22T14:18:11.865058+00:00,1771769891865.053,2026-02-22T14:18:13.256794Z,1771769893256.794,BTC/EUR,57354.5,57355.2,0.11912314,0.03163759,-1391.740,17.190,1714.596
2026-02-22T14:18:11.865071+00:00,1771769891865.067,2026-02-22T14:18:13.256794Z,1771769893256.794,BTC/EUR,57354.0,57355.2,0.0012589,0.03163759,-1391.727,17.204,1714.610
2026-02-22T14:18:11.865083+00:00,1771769891865.080,2026-02-22T14:18:13.258542Z,1771769893258.542,BTC/EUR,57354.0,57354.6,0.0012589,0.03163759,-1393.462,15.468,1714.623
2026-02-22T14:18:11.865095+00:00,1771769891865.091,2026-02-22T14:18:13.259349Z,1771769893259.349,BTC/EUR,57354.0,57354.6,0.12038308,0.03163759,-1394.258,14.672,1714.634
2026-02-22T14:18:11.865106+00:00,1771769891865.102,2026-02-22T14:18:13.259935Z,1771769893259.935,BTC/EUR,57354.0,57355.2,0.12038308,0.03163759,-1394.833,14.098,1714.645
2026-02-22T14:18:11.865117+00:00,1771769891865.113,2026-02-22T14:18:13.260812Z,1771769893260.812,BTC/EUR,57354.5,57355.2,0.11912314,0.03163759,-1395.699,13.231,1714.656
2026-02-22T14:18:11.865127+00:00,1771769891865.124,2026-02-22T14:18:13.260812Z,1771769893260.812,BTC/EUR,57354.0,57355.2,0.0012589,0.03163759,-1395.688,13.242,1714.667
2026-02-22T14:18:11.865138+00:00,1771769891865.135,2026-02-22T14:18:13.262598Z,1771769893262.598,BTC/EUR,57354.0,57354.6,0.0012589,0.03163759,-1397.464,11.467,1714.677
2026-02-22T14:18:11.865148+00:00,1771769891865.145,2026-02-22T14:18:13.264394Z,1771769893264.394,BTC/EUR,57354.5,57354.6,0.11912314,0.03163759,-1399.249,9.681,1714.688
2026-02-22T14:18:11.865159+00:00,1771769891865.156,2026-02-22T14:18:13.264498Z,1771769893264.498,BTC/EUR,57354.5,57355.2,0.11912314,0.03163759,-1399.343,9.588,1714.698
2026-02-22T14:18:11.867842+00:00,1771769891867.812,2026-02-22T14:18:13.266334Z,1771769893266.334,BTC/EUR,57354.5,57354.6,0.11912314,0.03163759,-1398.521,10.409,1717.355
2026-02-22T14:18:11.867891+00:00,1771769891867.879,2026-02-22T14:18:13.266334Z,1771769893266.334,BTC/EUR,57354.0,57354.6,0.0012589,0.03163759,-1398.455,10.475,1717.422
2026-02-22T14:18:11.869851+00:00,1771769891869.844,2026-02-22T14:18:13.268250Z,1771769893268.250,BTC/EUR,57354.5,57354.6,0.11912314,0.03163759,-1398.406,10.525,1719.387
2026-02-22T14:18:11.869867+00:00,1771769891869.862,2026-02-22T14:18:13.268357Z,1771769893268.357,BTC/EUR,57354.5,57355.2,0.11912314,0.03163759,-1398.495,10.436,1719.405
2026-02-22T14:18:11.869879+00:00,1771769891869.875,2026-02-22T14:18:13.268357Z,1771769893268.357,BTC/EUR,57354.0,57355.2,0.0012589,0.03163759,-1398.482,10.449,1719.418
2026-02-22T14:18:11.869891+00:00,1771769891869.888,2026-02-22T14:18:13.270614Z,1771769893270.614,BTC/EUR,57354.0,57354.6,0.0012589,0.03163759,-1400.726,8.204,1719.431
2026-02-22T14:18:11.871334+00:00,1771769891871.329,2026-02-22T14:18:13.272497Z,1771769893272.497,BTC/EUR,57354.5,57354.6,0.11912314,0.03163759,-1401.167,7.763,1720.872
2026-02-22T14:18:11.871347+00:00,1771769891871.343,2026-02-22T14:18:13.272612Z,1771769893272.612,BTC/EUR,57354.5,57355.2,0.11912314,0.03163759,-1401.269,7.662,1720.886
2026-02-22T14:18:11.872642+00:00,1771769891872.627,2026-02-22T14:18:13.274514Z,1771769893274.514,BTC/EUR,57354.5,57354.6,0.11912314,0.03163759,-1401.887,7.043,1722.170
2026-02-22T14:18:11.872666+00:00,1771769891872.660,2026-02-22T14:18:13.274514Z,1771769893274.514,BTC/EUR,57354.0,57354.6,0.0012589,0.03163759,-1401.854,7.077,1722.203
2026-02-22T14:18:11.876455+00:00,1771769891876.442,2026-02-22T14:18:13.276653Z,1771769893276.653,BTC/EUR,57354.0,57355.2,0.0012589,0.03163759,-1400.211,8.720,1725.985
2026-02-22T14:18:11.876483+00:00,1771769891876.474,2026-02-22T14:18:13.276845Z,1771769893276.845,BTC/EUR,57354.5,57355.2,0.11912314,0.03163759,-1400.371,8.560,1726.017
2026-02-22T14:18:11.877110+00:00,1771769891877.100,2026-02-22T14:18:13.276653Z,1771769893276.653,BTC/EUR,57354.0,57355.2,0.0012589,0.03163759,-1399.553,9.377,1726.643
2026-02-22T14:18:11.877133+00:00,1771769891877.128,2026-02-22T14:18:13.278791Z,1771769893278.791,BTC/EUR,57354.0,57354.6,0.0012589,0.03163759,-1401.663,7.267,1726.671
2026-02-22T14:18:11.878458+00:00,1771769891878.452,2026-02-22T14:18:13.280517Z,1771769893280.517,BTC/EUR,57354.0,57355.2,0.0012589,0.03163759,-1402.065,6.865,1727.995
2026-02-22T14:18:11.878843+00:00,1771769891878.837,2026-02-22T14:18:13.280806Z,1771769893280.806,BTC/EUR,57354.5,57355.2,0.11912314,0.03163759,-1401.969,6.961,1728.380
2026-02-22T14:18:11.880599+00:00,1771769891880.594,2026-02-22T14:18:13.280517Z,1771769893280.517,BTC/EUR,57354.0,57355.2,0.0012589,0.03163759,-1399.924,9.007,1730.136
2026-02-22T14:18:11.880612+00:00,1771769891880.608,2026-02-22T14:18:13.282528Z,1771769893282.528,BTC/EUR,57354.0,57354.6,0.0012589,0.03163759,-1401.920,7.011,1730.151
2026-02-22T14:18:11.885098+00:00,1771769891885.081,2026-02-22T14:18:13.286614Z,1771769893286.614,BTC/EUR,57354.5,57354.6,0.11912314,0.03163759,-1401.533,7.397,1734.624
2026-02-22T14:18:11.885125+00:00,1771769891885.118,2026-02-22T14:18:13.286614Z,1771769893286.614,BTC/EUR,57354.5,57355.3,0.11912314,0.02405993,-1401.496,7.434,1734.661
2026-02-22T14:18:11.886786+00:00,1771769891886.771,2026-02-22T14:18:13.260812Z,1771769893260.812,BTC/EUR,57354.0,57355.3,0.0012589,0.02405993,-1374.041,34.889,1736.314
2026-02-22T14:18:11.886811+00:00,1771769891886.805,2026-02-22T14:18:13.288619Z,1771769893288.619,BTC/EUR,57354.0,57354.6,0.0012589,0.03163759,-1401.814,7.116,1736.348
2026-02-22T14:18:11.894180+00:00,1771769891894.159,2026-02-22T14:18:13.290495Z,1771769893290.495,BTC/EUR,57354.0,57355.2,0.0012589,0.03163759,-1396.335,12.595,1743.702
2026-02-22T14:18:11.894215+00:00,1771769891894.207,2026-02-22T14:18:13.290641Z,1771769893290.641,BTC/EUR,57354.5,57355.2,0.11912314,0.03163759,-1396.434,12.496,1743.750
2026-02-22T14:18:11.894235+00:00,1771769891894.229,2026-02-22T14:18:13.292866Z,1771769893292.866,BTC/EUR,57354.5,57354.6,0.11912314,0.03163759,-1398.637,10.293,1743.772
2026-02-22T14:18:11.894252+00:00,1771769891894.247,2026-02-22T14:18:13.292866Z,1771769893292.866,BTC/EUR,57354.0,57354.6,0.0012589,0.03163759,-1398.619,10.311,1743.790
2026-02-22T14:18:11.902678+00:00,1771769891902.657,2026-02-22T14:18:13.301259Z,1771769893301.259,BTC/EUR,57354.5,57354.6,0.11912314,0.03163759,-1398.602,10.328,1752.200
2026-02-22T14:18:11.902716+00:00,1771769891902.708,2026-02-22T14:18:13.301259Z,1771769893301.259,BTC/EUR,57354.5,57355.3,0.11912314,0.02405993,-1398.551,10.380,1752.251
2026-02-22T14:18:11.904418+00:00,1771769891904.408,2026-02-22T14:18:13.304877Z,1771769893304.877,BTC/EUR,57354.1,57355.3,0.11912397,0.02405993,-1400.469,8.462,1753.951
2026-02-22T14:18:11.904440+00:00,1771769891904.433,2026-02-22T14:18:13.306511Z,1771769893306.511,BTC/EUR,57354.1,57355.2,0.11912397,0.03163759,-1402.078,6.852,1753.976
2026-02-22T14:18:11.908348+00:00,1771769891908.327,2026-02-22T14:18:13.309005Z,1771769893309.005,BTC/EUR,57354.2,57355.2,0.11912377,0.03163759,-1400.678,8.252,1757.870
2026-02-22T14:18:11.916061+00:00,1771769891916.028,2026-02-22T14:18:13.311202Z,1771769893311.202,BTC/EUR,57354.3,57355.2,0.11912461,0.03163759,-1395.174,13.756,1765.571
2026-02-22T14:18:11.916114+00:00,1771769891916.099,2026-02-22T14:18:13.313216Z,1771769893313.216,BTC/EUR,57354.4,57355.2,0.1191244,0.03163759,-1397.117,11.813,1765.642
2026-02-22T14:18:11.916146+00:00,1771769891916.136,2026-02-22T14:18:13.306511Z,1771769893306.511,BTC/EUR,57354.0,57355.2,0.0012589,0.03163759,-1390.375,18.556,1765.679
2026-02-22T14:18:11.918074+00:00,1771769891918.067,2026-02-22T14:18:13.319997Z,1771769893319.997,BTC/EUR,57354.0,57355.2,0.0160589,0.03163759,-1401.930,7.000,1767.610
2026-02-22T14:18:11.919245+00:00,1771769891919.233,2026-02-22T14:18:13.321517Z,1771769893321.517,BTC/EUR,57354.1,57355.2,0.11912502,0.03163759,-1402.284,6.646,1768.776
2026-02-22T14:18:11.952263+00:00,1771769891952.237,2026-02-22T14:18:13.354316Z,1771769893354.316,BTC/EUR,57353.9,57355.2,0.11912544,0.03163759,-1402.079,6.852,1801.780
2026-02-22T14:18:11.956300+00:00,1771769891956.280,2026-02-22T14:18:13.358077Z,1771769893358.077,BTC/EUR,57354.0,57355.2,0.0148,0.03163759,-1401.797,7.133,1805.823
2026-02-22T14:18:11.956981+00:00,1771769891956.965,2026-02-22T14:18:13.354316Z,1771769893354.316,BTC/EUR,57353.9,57355.2,0.11912544,0.03163759,-1397.351,11.580,1806.508
2026-02-22T14:18:11.957607+00:00,1771769891957.596,2026-02-22T14:18:13.359500Z,1771769893359.500,BTC/EUR,57354.0,57355.2,0.21462089,0.03163759,-1401.904,7.027,1807.139
2026-02-22T14:18:11.959103+00:00,1771769891959.081,2026-02-22T14:18:13.361038Z,1771769893361.038,BTC/EUR,57354.1,57355.2,0.11912502,0.03163759,-1401.957,6.974,1808.624
2026-02-22T14:18:11.964127+00:00,1771769891964.094,2026-02-22T14:18:13.364873Z,1771769893364.873,BTC/EUR,57354.2,57355.2,0.11912482,0.03163759,-1400.779,8.152,1813.637
2026-02-22T14:18:11.964896+00:00,1771769891964.879,2026-02-22T14:18:13.366558Z,1771769893366.558,BTC/EUR,57354.3,57355.2,0.11912461,0.03163759,-1401.679,7.251,1814.422
2026-02-22T14:18:11.965902+00:00,1771769891965.887,2026-02-22T14:18:13.368011Z,1771769893368.011,BTC/EUR,57354.4,57355.2,0.1191244,0.03163759,-1402.124,6.807,1815.430
2026-02-22T14:18:11.971288+00:00,1771769891971.271,2026-02-22T14:18:13.370547Z,1771769893370.547,BTC/EUR,57353.9,57355.2,0.11912544,0.03163759,-1399.276,9.655,1820.814
2026-02-22T14:18:11.980808+00:00,1771769891980.794,2026-02-22T14:18:13.377255Z,1771769893377.255,BTC/EUR,57354.2,57355.2,0.0148,0.03163759,-1396.461,12.470,1830.337
2026-02-22T14:18:11.980835+00:00,1771769891980.827,2026-02-22T14:18:13.370547Z,1771769893370.547,BTC/EUR,57353.9,57355.2,0.11912544,0.03163759,-1389.720,19.211,1830.370
2026-02-22T14:18:11.980857+00:00,1771769891980.851,2026-02-22T14:18:13.378863Z,1771769893378.863,BTC/EUR,57354.3,57355.2,0.11912461,0.03163759,-1398.012,10.919,1830.394
2026-02-22T14:18:11.980874+00:00,1771769891980.869,2026-02-22T14:18:13.380404Z,1771769893380.404,BTC/EUR,57353.9,57355.2,0.11912544,0.03163759,-1399.535,9.395,1830.412
2026-02-22T14:18:11.983314+00:00,1771769891983.299,2026-02-22T14:18:13.385025Z,1771769893385.025,BTC/EUR,57354.0,57355.2,0.0148,0.03163759,-1401.726,7.205,1832.842
2026-02-22T14:18:11.983339+00:00,1771769891983.333,2026-02-22T14:18:13.385462Z,1771769893385.462,BTC/EUR,57354.1,57355.2,0.00116395,0.03163759,-1402.129,6.802,1832.876
2026-02-22T14:18:11.984608+00:00,1771769891984.594,2026-02-22T14:18:13.386507Z,1771769893386.507,BTC/EUR,57354.1,57355.2,0.12028897,0.03163759,-1401.913,7.017,1834.137
2026-02-22T14:18:11.985819+00:00,1771769891985.804,2026-02-22T14:18:13.388066Z,1771769893388.066,BTC/EUR,57354.1,57355.2,0.00116395,0.03163759,-1402.262,6.668,1835.347
2026-02-22T14:18:11.987067+00:00,1771769891987.051,2026-02-22T14:18:13.389377Z,1771769893389.377,BTC/EUR,57354.1,57355.2,0.01596395,0.03163759,-1402.327,6.604,1836.594
2026-02-22T14:18:11.989070+00:00,1771769891989.041,2026-02-22T14:18:13.391043Z,1771769893391.043,BTC/EUR,57354.2,57355.2,0.11912482,0.03163759,-1402.002,6.929,1838.584
2026-02-22T14:18:11.991476+00:00,1771769891991.462,2026-02-22T14:18:13.392112Z,1771769893392.112,BTC/EUR,57354.1,57355.2,0.00116395,0.03163759,-1400.650,8.281,1841.005
2026-02-22T14:18:11.996777+00:00,1771769891996.762,2026-02-22T14:18:13.398864Z,1771769893398.864,BTC/EUR,57354.2,57355.2,0.0148,0.03163759,-1402.102,6.829,1846.305
2026-02-22T14:18:11.998936+00:00,1771769891998.907,2026-02-22T14:18:13.392112Z,1771769893392.112,BTC/EUR,57354.1,57355.2,0.00116395,0.03163759,-1393.205,15.725,1848.450
2026-02-22T14:18:11.999049+00:00,1771769891999.031,2026-02-22T14:18:13.400887Z,1771769893400.887,BTC/EUR,57354.3,57355.2,0.11912461,0.03163759,-1401.855,7.075,1848.574
2026-02-22T14:18:12.000370+00:00,1771769892000.353,2026-02-22T14:18:13.392112Z,1771769893392.112,BTC/EUR,57354.1,57355.2,0.00116395,0.03163759,-1391.759,17.171,1849.896
2026-02-22T14:18:12.006671+00:00,1771769892006.642,2026-02-22T14:18:13.408732Z,1771769893408.732,BTC/EUR,57354.3,57355.2,0.0148,0.03163759,-1402.090,6.840,1856.185
2026-02-22T14:18:12.007910+00:00,1771769892007.894,2026-02-22T14:18:13.392112Z,1771769893392.112,BTC/EUR,57354.1,57355.2,0.00116395,0.03163759,-1384.218,24.713,1857.437
2026-02-22T14:18:12.007935+00:00,1771769892007.929,2026-02-22T14:18:13.410077Z,1771769893410.077,BTC/EUR,57354.4,57355.2,0.1191244,0.03163759,-1402.148,6.783,1857.472
2026-02-22T14:18:12.009630+00:00,1771769892009.617,2026-02-22T14:18:13.392112Z,1771769893392.112,BTC/EUR,57354.1,57355.2,0.00116395,0.03163759,-1382.495,26.435,1859.160
2026-02-22T14:18:12.012186+00:00,1771769892012.171,2026-02-22T14:18:13.414306Z,1771769893414.306,BTC/EUR,57354.1,57355.2,0.01596395,0.03163759,-1402.135,6.795,1861.714
2026-02-22T14:18:12.013135+00:00,1771769892013.127,2026-02-22T14:18:13.415281Z,1771769893415.281,BTC/EUR,57354.2,57355.2,0.0148,0.03163759,-1402.154,6.777,1862.670
2026-02-22T14:18:12.014008+00:00,1771769892014.002,2026-02-22T14:18:13.416002Z,1771769893416.002,BTC/EUR,57354.2,57355.2,0.13392482,0.03163759,-1402.000,6.930,1863.545
2026-02-22T14:18:12.014022+00:00,1771769892014.018,2026-02-22T14:18:13.416154Z,1771769893416.154,BTC/EUR,57354.2,57355.2,0.11912482,0.03163759,-1402.136,6.795,1863.561
2026-02-22T14:18:12.015458+00:00,1771769892015.443,2026-02-22T14:18:13.417428Z,1771769893417.428,BTC/EUR,57354.3,57355.2,0.11912461,0.03163759,-1401.985,6.946,1864.986
2026-02-22T14:18:12.016989+00:00,1771769892016.973,2026-02-22T14:18:13.416174Z,1771769893416.174,BTC/EUR,57354.1,57355.2,0.00116395,0.03163759,-1399.200,9.730,1866.516
2026-02-22T14:18:12.023037+00:00,1771769892023.007,2026-02-22T14:18:13.423715Z,1771769893423.715,BTC/EUR,57354.1,57355.2,0.01596395,0.03163759,-1400.708,8.223,1872.550
2026-02-22T14:18:12.023501+00:00,1771769892023.493,2026-02-22T14:18:13.424797Z,1771769893424.797,BTC/EUR,57354.6,57355.2,0.0148,0.03163759,-1401.304,7.627,1873.036
2026-02-22T14:18:12.024324+00:00,1771769892024.318,2026-02-22T14:18:13.425023Z,1771769893425.023,BTC/EUR,57354.2,57355.2,0.11912482,0.03163759,-1400.705,8.225,1873.861
2026-02-22T14:18:12.025633+00:00,1771769892025.628,2026-02-22T14:18:13.427447Z,1771769893427.447,BTC/EUR,57354.2,57354.7,0.11912482,0.03163939,-1401.819,7.112,1875.171
2026-02-22T14:18:12.026308+00:00,1771769892026.293,2026-02-22T14:18:13.427447Z,1771769893427.447,BTC/EUR,57354.1,57354.7,0.00116395,0.03163939,-1401.154,7.776,1875.836
2026-02-22T14:18:12.026962+00:00,1771769892026.947,2026-02-22T14:18:13.428819Z,1771769893428.819,BTC/EUR,57354.1,57355.2,0.00116395,0.03163939,-1401.872,7.059,1876.490
2026-02-22T14:18:12.037867+00:00,1771769892037.845,2026-02-22T14:18:13.438716Z,1771769893438.716,BTC/EUR,57354.4,57355.2,0.0148,0.03163939,-1400.871,8.060,1887.388
2026-02-22T14:18:12.038736+00:00,1771769892038.728,2026-02-22T14:18:13.428819Z,1771769893428.819,BTC/EUR,57354.1,57355.2,0.00116395,0.03163939,-1390.091,18.839,1888.271
2026-02-22T14:18:12.039818+00:00,1771769892039.811,2026-02-22T14:18:13.440326Z,1771769893440.326,BTC/EUR,57354.5,57355.2,0.11912419,0.03163939,-1400.515,8.416,1889.354
2026-02-22T14:18:12.044315+00:00,1771769892044.297,2026-02-22T14:18:13.428819Z,1771769893428.819,BTC/EUR,57354.1,57355.2,0.00116395,0.03163939,-1384.522,24.409,1893.840
2026-02-22T14:18:12.044342+00:00,1771769892044.336,2026-02-22T14:18:13.442452Z,1771769893442.452,BTC/EUR,57354.1,57354.6,0.00116395,0.03163939,-1398.116,10.814,1893.879
2026-02-22T14:18:12.044357+00:00,1771769892044.352,2026-02-22T14:18:13.425642Z,1771769893425.642,BTC/EUR,57354.1,57355.3,0.00116395,0.02405993,-1381.290,27.640,1893.895
2026-02-22T14:18:12.044370+00:00,1771769892044.366,2026-02-22T14:18:13.444314Z,1771769893444.314,BTC/EUR,57354.5,57355.3,0.11912419,0.02405993,-1399.948,8.982,1893.909
2026-02-22T14:18:12.044382+00:00,1771769892044.379,2026-02-22T14:18:13.425642Z,1771769893425.642,BTC/EUR,57354.1,57355.3,0.00116395,0.02405993,-1381.263,27.667,1893.922
2026-02-22T14:18:12.044394+00:00,1771769892044.390,2026-02-22T14:18:13.445850Z,1771769893445.850,BTC/EUR,57354.1,57355.2,0.00116395,0.03163939,-1401.459,7.471,1893.933
2026-02-22T14:18:12.045544+00:00,1771769892045.538,2026-02-22T14:18:13.447497Z,1771769893447.497,BTC/EUR,57354.1,57354.6,0.00116395,0.03163939,-1401.959,6.972,1895.081
2026-02-22T14:18:12.047172+00:00,1771769892047.155,2026-02-22T14:18:13.448917Z,1771769893448.917,BTC/EUR,57354.5,57354.6,0.11912419,0.03163939,-1401.762,7.169,1896.698
2026-02-22T14:18:12.047380+00:00,1771769892047.371,2026-02-22T14:18:13.449044Z,1771769893449.044,BTC/EUR,57354.5,57355.2,0.11912419,0.03163939,-1401.673,7.257,1896.914
2026-02-22T14:18:12.049007+00:00,1771769892048.971,2026-02-22T14:18:13.450517Z,1771769893450.517,BTC/EUR,57354.5,57354.6,0.11912419,0.03163939,-1401.546,7.385,1898.514
2026-02-22T14:18:12.049066+00:00,1771769892049.050,2026-02-22T14:18:13.450517Z,1771769893450.517,BTC/EUR,57354.1,57354.6,0.00116395,0.03163939,-1401.467,7.463,1898.593
2026-02-22T14:18:12.051032+00:00,1771769892050.946,2026-02-22T14:18:13.452149Z,1771769893452.149,BTC/EUR,57354.5,57354.6,0.11912419,0.03163939,-1401.203,7.728,1900.489
2026-02-22T14:18:12.051060+00:00,1771769892051.053,2026-02-22T14:18:13.452255Z,1771769893452.255,BTC/EUR,57354.5,57355.2,0.11912419,0.03163939,-1401.202,7.729,1900.596
2026-02-22T14:18:12.052268+00:00,1771769892052.251,2026-02-22T14:18:13.453621Z,1771769893453.621,BTC/EUR,57354.5,57354.6,0.11912419,0.03163939,-1401.370,7.560,1901.794
2026-02-22T14:18:12.052295+00:00,1771769892052.289,2026-02-22T14:18:13.453621Z,1771769893453.621,BTC/EUR,57354.1,57354.6,0.00116395,0.03163939,-1401.332,7.598,1901.832
2026-02-22T14:18:12.052981+00:00,1771769892052.973,2026-02-22T14:18:13.455052Z,1771769893455.052,BTC/EUR,57354.5,57354.6,0.11912419,0.03163939,-1402.079,6.852,1902.516
2026-02-22T14:18:12.052997+00:00,1771769892052.992,2026-02-22T14:18:13.455362Z,1771769893455.362,BTC/EUR,57354.5,57355.2,0.11912419,0.03163939,-1402.370,6.560,1902.535
2026-02-22T14:18:12.054916+00:00,1771769892054.904,2026-02-22T14:18:13.456820Z,1771769893456.820,BTC/EUR,57354.5,57354.6,0.11912419,0.03163939,-1401.916,7.015,1904.447
2026-02-22T14:18:12.054944+00:00,1771769892054.935,2026-02-22T14:18:13.456820Z,1771769893456.820,BTC/EUR,57354.1,57354.6,0.00116395,0.03163939,-1401.885,7.045,1904.478
2026-02-22T14:18:12.056747+00:00,1771769892056.740,2026-02-22T14:18:13.458468Z,1771769893458.468,BTC/EUR,57354.1,57355.2,0.00116395,0.03163939,-1401.729,7.202,1906.282
2026-02-22T14:18:12.056766+00:00,1771769892056.760,2026-02-22T14:18:13.458727Z,1771769893458.727,BTC/EUR,57354.5,57355.2,0.11912419,0.03163939,-1401.967,6.963,1906.303
2026-02-22T14:18:12.058306+00:00,1771769892058.293,2026-02-22T14:18:13.458468Z,1771769893458.468,BTC/EUR,57354.1,57355.2,0.00116395,0.03163939,-1400.175,8.756,1907.836
2026-02-22T14:18:12.058759+00:00,1771769892058.742,2026-02-22T14:18:13.460514Z,1771769893460.514,BTC/EUR,57354.1,57354.6,0.00116395,0.03163939,-1401.772,7.159,1908.285
2026-02-22T14:18:12.060284+00:00,1771769892060.267,2026-02-22T14:18:13.462337Z,1771769893462.337,BTC/EUR,57354.5,57354.6,0.11912419,0.03163939,-1402.070,6.861,1909.810
2026-02-22T14:18:12.060530+00:00,1771769892060.522,2026-02-22T14:18:13.462484Z,1771769893462.484,BTC/EUR,57354.5,57355.2,0.11912419,0.03163939,-1401.962,6.968,1910.065
2026-02-22T14:18:12.061692+00:00,1771769892061.685,2026-02-22T14:18:13.462484Z,1771769893462.484,BTC/EUR,57354.1,57355.2,0.00116395,0.03163939,-1400.799,8.132,1911.228
2026-02-22T14:18:12.061874+00:00,1771769892061.868,2026-02-22T14:18:13.464078Z,1771769893464.078,BTC/EUR,57354.1,57354.6,0.00116395,0.03163939,-1402.209,6.721,1911.411
2026-02-22T14:18:12.063764+00:00,1771769892063.752,2026-02-22T14:18:13.465405Z,1771769893465.405,BTC/EUR,57354.1,57355.2,0.00116395,0.03163939,-1401.653,7.278,1913.295
2026-02-22T14:18:12.063795+00:00,1771769892063.785,2026-02-22T14:18:13.465619Z,1771769893465.619,BTC/EUR,57354.5,57355.2,0.11912419,0.03163939,-1401.834,7.096,1913.328
2026-02-22T14:18:12.064989+00:00,1771769892064.972,2026-02-22T14:18:13.465405Z,1771769893465.405,BTC/EUR,57354.1,57355.2,0.00116395,0.03163939,-1400.433,8.498,1914.515
2026-02-22T14:18:12.065562+00:00,1771769892065.525,2026-02-22T14:18:13.467357Z,1771769893467.357,BTC/EUR,57354.1,57354.6,0.00116395,0.03163939,-1401.832,7.098,1915.068
2026-02-22T14:18:12.066725+00:00,1771769892066.708,2026-02-22T14:18:13.468767Z,1771769893468.767,BTC/EUR,57354.1,57355.2,0.00116395,0.03163939,-1402.058,6.872,1916.251
2026-02-22T14:18:12.067610+00:00,1771769892067.594,2026-02-22T14:18:13.469718Z,1771769893469.718,BTC/EUR,57354.5,57355.2,0.11912419,0.03163939,-1402.124,6.806,1917.137
2026-02-22T14:18:12.068752+00:00,1771769892068.744,2026-02-22T14:18:13.468767Z,1771769893468.767,BTC/EUR,57354.1,57355.2,0.00116395,0.03163939,-1400.023,8.908,1918.287
2026-02-22T14:18:12.068823+00:00,1771769892068.816,2026-02-22T14:18:13.471299Z,1771769893471.299,BTC/EUR,57354.1,57354.6,0.00116395,0.03163939,-1402.483,6.448,1918.359
2026-02-22T14:18:12.070778+00:00,1771769892070.766,2026-02-22T14:18:13.472688Z,1771769893472.688,BTC/EUR,57354.1,57355.2,0.00116395,0.03163939,-1401.922,7.008,1920.309
2026-02-22T14:18:12.070810+00:00,1771769892070.800,2026-02-22T14:18:13.472855Z,1771769893472.855,BTC/EUR,57354.5,57355.2,0.11912419,0.03163939,-1402.055,6.875,1920.343
2026-02-22T14:18:12.072050+00:00,1771769892072.044,2026-02-22T14:18:13.474427Z,1771769893474.427,BTC/EUR,57354.5,57354.6,0.11912419,0.03163939,-1402.383,6.547,1921.587
2026-02-22T14:18:12.072366+00:00,1771769892072.360,2026-02-22T14:18:13.474427Z,1771769893474.427,BTC/EUR,57354.1,57354.6,0.00116395,0.03163939,-1402.067,6.863,1921.903
2026-02-22T14:18:12.073568+00:00,1771769892073.563,2026-02-22T14:18:13.475837Z,1771769893475.837,BTC/EUR,57354.5,57354.6,0.11912419,0.03163939,-1402.274,6.656,1923.106
2026-02-22T14:18:12.073889+00:00,1771769892073.883,2026-02-22T14:18:13.476144Z,1771769893476.144,BTC/EUR,57354.5,57355.2,0.11912419,0.03163939,-1402.261,6.670,1923.426
2026-02-22T14:18:12.075158+00:00,1771769892075.141,2026-02-22T14:18:13.477417Z,1771769893477.417,BTC/EUR,57354.5,57354.6,0.11912419,0.03163939,-1402.276,6.655,1924.684
2026-02-22T14:18:12.075493+00:00,1771769892075.476,2026-02-22T14:18:13.477417Z,1771769893477.417,BTC/EUR,57354.1,57354.6,0.00116395,0.03163939,-1401.941,6.990,1925.019
2026-02-22T14:18:12.077154+00:00,1771769892077.145,2026-02-22T14:18:13.479057Z,1771769893479.057,BTC/EUR,57354.5,57354.6,0.11912419,0.03163939,-1401.912,7.018,1926.688
2026-02-22T14:18:12.077173+00:00,1771769892077.168,2026-02-22T14:18:13.479068Z,1771769893479.068,BTC/EUR,57354.5,57355.2,0.11912419,0.03163939,-1401.900,7.030,1926.711
2026-02-22T14:18:12.078244+00:00,1771769892078.237,2026-02-22T14:18:13.480502Z,1771769893480.502,BTC/EUR,57354.5,57354.6,0.11912419,0.03163939,-1402.265,6.666,1927.780
2026-02-22T14:18:12.078604+00:00,1771769892078.597,2026-02-22T14:18:13.480502Z,1771769893480.502,BTC/EUR,57354.1,57354.6,0.00116395,0.03163939,-1401.905,7.026,1928.140
2026-02-22T14:18:12.081067+00:00,1771769892081.061,2026-02-22T14:18:13.482369Z,1771769893482.369,BTC/EUR,57354.5,57354.6,0.11912419,0.03163939,-1401.308,7.622,1930.604
2026-02-22T14:18:12.081083+00:00,1771769892081.079,2026-02-22T14:18:13.482468Z,1771769893482.468,BTC/EUR,57354.5,57355.2,0.11912419,0.03163939,-1401.389,7.541,1930.622
2026-02-22T14:18:12.087007+00:00,1771769892086.990,2026-02-22T14:18:13.483886Z,1771769893483.886,BTC/EUR,57354.5,57354.6,0.11912419,0.03163939,-1396.896,12.035,1936.533
2026-02-22T14:18:12.087035+00:00,1771769892087.028,2026-02-22T14:18:13.483886Z,1771769893483.886,BTC/EUR,57354.1,57354.6,0.00116395,0.03163939,-1396.858,12.073,1936.571
2026-02-22T14:18:12.087515+00:00,1771769892087.046,2026-02-22T14:18:13.485835Z,1771769893485.835,BTC/EUR,57354.1,57355.2,0.00116395,0.03163939,-1398.789,10.141,1936.589
2026-02-22T14:18:12.087607+00:00,1771769892087.577,2026-02-22T14:18:13.485927Z,1771769893485.927,BTC/EUR,57354.5,57355.2,0.11912419,0.03163939,-1398.350,10.581,1937.120
2026-02-22T14:18:12.087644+00:00,1771769892087.632,2026-02-22T14:18:13.485835Z,1771769893485.835,BTC/EUR,57354.1,57355.2,0.00116395,0.03163939,-1398.203,10.727,1937.175
2026-02-22T14:18:12.087660+00:00,1771769892087.656,2026-02-22T14:18:13.487740Z,1771769893487.740,BTC/EUR,57354.1,57354.6,0.00116395,0.03163939,-1400.084,8.846,1937.199
2026-02-22T14:18:12.088920+00:00,1771769892088.912,2026-02-22T14:18:13.490515Z,1771769893490.515,BTC/EUR,57354.5,57354.6,0.11912419,0.03163939,-1401.603,7.328,1938.455
2026-02-22T14:18:12.088936+00:00,1771769892088.931,2026-02-22T14:18:13.490542Z,1771769893490.542,BTC/EUR,57354.5,57355.2,0.11912419,0.03163939,-1401.611,7.320,1938.474
2026-02-22T14:18:12.090684+00:00,1771769892090.647,2026-02-22T14:18:13.490542Z,1771769893490.542,BTC/EUR,57354.1,57355.2,0.00116395,0.03163939,-1399.895,9.036,1940.190
2026-02-22T14:18:12.090746+00:00,1771769892090.729,2026-02-22T14:18:13.492417Z,1771769893492.417,BTC/EUR,57354.1,57354.6,0.00116395,0.03163939,-1401.688,7.243,1940.272
2026-02-22T14:18:12.092224+00:00,1771769892092.204,2026-02-22T14:18:13.494035Z,1771769893494.035,BTC/EUR,57354.5,57354.6,0.11912419,0.03163939,-1401.831,7.100,1941.747
2026-02-22T14:18:12.092252+00:00,1771769892092.245,2026-02-22T14:18:13.494093Z,1771769893494.093,BTC/EUR,57354.5,57355.2,0.11912419,0.03163939,-1401.848,7.083,1941.788
2026-02-22T14:18:12.094022+00:00,1771769892094.013,2026-02-22T14:18:13.495904Z,1771769893495.904,BTC/EUR,57354.5,57354.6,0.11912419,0.03163343,-1401.891,7.039,1943.556
2026-02-22T14:18:12.094042+00:00,1771769892094.036,2026-02-22T14:18:13.495904Z,1771769893495.904,BTC/EUR,57354.1,57354.6,0.00116395,0.03163343,-1401.868,7.062,1943.579
2026-02-22T14:18:12.095724+00:00,1771769892095.711,2026-02-22T14:18:13.497742Z,1771769893497.742,BTC/EUR,57354.5,57354.6,0.11912421,0.03163343,-1402.031,6.900,1945.254
2026-02-22T14:18:12.095753+00:00,1771769892095.744,2026-02-22T14:18:13.497865Z,1771769893497.865,BTC/EUR,57354.5,57355.2,0.11912421,0.03163343,-1402.121,6.809,1945.287
2026-02-22T14:18:12.097679+00:00,1771769892097.667,2026-02-22T14:18:13.499333Z,1771769893499.333,BTC/EUR,57354.5,57354.6,0.11912421,0.03163343,-1401.666,7.265,1947.210
2026-02-22T14:18:12.097708+00:00,1771769892097.698,2026-02-22T14:18:13.499333Z,1771769893499.333,BTC/EUR,57354.1,57354.6,0.00116395,0.03163343,-1401.635,7.296,1947.241
2026-02-22T14:18:12.099262+00:00,1771769892099.244,2026-02-22T14:18:13.501120Z,1771769893501.120,BTC/EUR,57354.1,57355.2,0.00116395,0.03163343,-1401.876,7.054,1948.787
2026-02-22T14:18:12.099294+00:00,1771769892099.286,2026-02-22T14:18:13.501166Z,1771769893501.166,BTC/EUR,57354.5,57355.2,0.11912421,0.03163343,-1401.880,7.051,1948.829
2026-02-22T14:18:12.101531+00:00,1771769892101.514,2026-02-22T14:18:13.501120Z,1771769893501.120,BTC/EUR,57354.1,57355.2,0.00116395,0.03163343,-1399.606,9.324,1951.057
2026-02-22T14:18:12.101558+00:00,1771769892101.552,2026-02-22T14:18:13.503425Z,1771769893503.425,BTC/EUR,57354.1,57354.6,0.00116395,0.03163343,-1401.873,7.058,1951.095
2026-02-22T14:18:12.102789+00:00,1771769892102.782,2026-02-22T14:18:13.505043Z,1771769893505.043,BTC/EUR,57354.1,57355.1,0.00116395,0.03163343,-1402.261,6.669,1952.325
2026-02-22T14:18:12.104204+00:00,1771769892104.188,2026-02-22T14:18:13.506422Z,1771769893506.422,BTC/EUR,57354.1,57355.2,0.00116395,0.03163343,-1402.235,6.696,1953.730
2026-02-22T14:18:12.125975+00:00,1771769892125.958,2026-02-22T14:18:13.526151Z,1771769893526.151,BTC/EUR,57354.1,57355.2,0.01596395,0.03163343,-1400.192,8.738,1975.501
2026-02-22T14:18:12.126003+00:00,1771769892125.997,2026-02-22T14:18:13.527490Z,1771769893527.490,BTC/EUR,57354.2,57355.2,0.11912484,0.03163343,-1401.493,7.437,1975.540
2026-02-22T14:18:12.127158+00:00,1771769892127.121,2026-02-22T14:18:13.528754Z,1771769893528.754,BTC/EUR,57354.2,57355.2,0.13392484,0.03163343,-1401.633,7.298,1976.664
2026-02-22T14:18:12.128798+00:00,1771769892128.781,2026-02-22T14:18:13.530727Z,1771769893530.727,BTC/EUR,57354.3,57355.2,0.11912463,0.03163343,-1401.946,6.985,1978.324
2026-02-22T14:18:12.130147+00:00,1771769892130.125,2026-02-22T14:18:13.532288Z,1771769893532.288,BTC/EUR,57354.4,57355.2,0.11912442,0.03163343,-1402.163,6.768,1979.668
2026-02-22T14:18:12.131769+00:00,1771769892131.752,2026-02-22T14:18:13.533576Z,1771769893533.576,BTC/EUR,57354.3,57355.2,0.11912463,0.03163343,-1401.824,7.106,1981.295
2026-02-22T14:18:12.133154+00:00,1771769892133.138,2026-02-22T14:18:13.531649Z,1771769893531.649,BTC/EUR,57354.1,57355.2,0.00116395,0.03163343,-1398.511,10.419,1982.681
2026-02-22T14:18:12.142742+00:00,1771769892142.706,2026-02-22T14:18:13.537302Z,1771769893537.302,BTC/EUR,57354.3,57355.2,0.0148,0.03163343,-1394.596,14.334,1992.249
2026-02-22T14:18:12.142798+00:00,1771769892142.784,2026-02-22T14:18:13.538938Z,1771769893538.938,BTC/EUR,57354.4,57355.2,0.11912442,0.03163343,-1396.154,12.777,1992.327
2026-02-22T14:18:12.142832+00:00,1771769892142.821,2026-02-22T14:18:13.541999Z,1771769893541.999,BTC/EUR,57354.5,57355.2,0.0148,0.03163343,-1399.178,9.753,1992.364
2026-02-22T14:18:12.142860+00:00,1771769892142.850,2026-02-22T14:18:13.538938Z,1771769893538.938,BTC/EUR,57354.4,57355.2,0.11912442,0.03163343,-1396.088,12.842,1992.393
2026-02-22T14:18:12.142891+00:00,1771769892142.881,2026-02-22T14:18:13.543677Z,1771769893543.677,BTC/EUR,57354.4,57354.6,0.11912442,0.03163343,-1400.796,8.135,1992.424
2026-02-22T14:18:12.142989+00:00,1771769892142.978,2026-02-22T14:18:13.543677Z,1771769893543.677,BTC/EUR,57354.1,57354.6,0.00116395,0.03163343,-1400.699,8.231,1992.521
2026-02-22T14:18:12.143154+00:00,1771769892143.141,2026-02-22T14:18:13.545172Z,1771769893545.172,BTC/EUR,57354.1,57355.2,0.00116395,0.03163343,-1402.031,6.899,1992.684
2026-02-22T14:18:12.144352+00:00,1771769892144.346,2026-02-22T14:18:13.546444Z,1771769893546.444,BTC/EUR,57354.5,57355.2,0.11912421,0.03163343,-1402.098,6.833,1993.889
2026-02-22T14:18:12.146375+00:00,1771769892146.343,2026-02-22T14:18:13.547999Z,1771769893547.999,BTC/EUR,57354.5,57354.6,0.11912421,0.03163343,-1401.656,7.274,1995.886
2026-02-22T14:18:12.146428+00:00,1771769892146.415,2026-02-22T14:18:13.547999Z,1771769893547.999,BTC/EUR,57354.1,57354.6,0.00116395,0.03163343,-1401.584,7.346,1995.958
2026-02-22T14:18:12.149597+00:00,1771769892149.560,2026-02-22T14:18:13.550803Z,1771769893550.803,BTC/EUR,57354.1,57355.2,0.00116395,0.03163343,-1401.243,7.688,1999.103
2026-02-22T14:18:12.149658+00:00,1771769892149.642,2026-02-22T14:18:13.550821Z,1771769893550.821,BTC/EUR,57354.5,57355.2,0.11912421,0.03163343,-1401.179,7.751,1999.185
2026-02-22T14:18:12.150891+00:00,1771769892150.873,2026-02-22T14:18:13.550803Z,1771769893550.803,BTC/EUR,57354.1,57355.2,0.00116395,0.03163343,-1399.930,9.000,2000.416
2026-02-22T14:18:12.151011+00:00,1771769892151.003,2026-02-22T14:18:13.552756Z,1771769893552.756,BTC/EUR,57354.1,57354.6,0.00116395,0.03163343,-1401.753,7.177,2000.546
2026-02-22T14:18:12.152285+00:00,1771769892152.268,2026-02-22T14:18:13.554431Z,1771769893554.431,BTC/EUR,57354.1,57355.2,0.00116395,0.03163343,-1402.163,6.768,2001.811
2026-02-22T14:18:12.153026+00:00,1771769892153.017,2026-02-22T14:18:13.555305Z,1771769893555.305,BTC/EUR,57354.5,57355.2,0.11912421,0.03163343,-1402.288,6.642,2002.560
2026-02-22T14:18:12.154689+00:00,1771769892154.672,2026-02-22T14:18:13.556316Z,1771769893556.316,BTC/EUR,57354.5,57355.1,0.11912421,0.03163343,-1401.644,7.287,2004.215
2026-02-22T14:18:12.154716+00:00,1771769892154.710,2026-02-22T14:18:13.556316Z,1771769893556.316,BTC/EUR,57354.1,57355.1,0.00116395,0.03163343,-1401.606,7.324,2004.253
2026-02-22T14:18:12.155786+00:00,1771769892155.770,2026-02-22T14:18:13.557756Z,1771769893557.756,BTC/EUR,57354.1,57354.6,0.00116395,0.03163343,-1401.986,6.944,2005.313
2026-02-22T14:18:12.156971+00:00,1771769892156.962,2026-02-22T14:18:13.559086Z,1771769893559.086,BTC/EUR,57354.1,57355.2,0.00116395,0.03163343,-1402.124,6.807,2006.505
2026-02-22T14:18:12.157525+00:00,1771769892157.515,2026-02-22T14:18:13.559383Z,1771769893559.383,BTC/EUR,57354.5,57355.2,0.11912421,0.03163343,-1401.868,7.062,2007.058
2026-02-22T14:18:12.159005+00:00,1771769892158.999,2026-02-22T14:18:13.561031Z,1771769893561.031,BTC/EUR,57354.5,57354.6,0.11912421,0.03163343,-1402.032,6.898,2008.542
2026-02-22T14:18:12.159020+00:00,1771769892159.015,2026-02-22T14:18:13.561031Z,1771769893561.031,BTC/EUR,57354.1,57354.6,0.00116395,0.03163343,-1402.016,6.915,2008.558
2026-02-22T14:18:12.160467+00:00,1771769892160.462,2026-02-22T14:18:13.562871Z,1771769893562.871,BTC/EUR,57354.5,57354.6,0.11912421,0.03163343,-1402.409,6.521,2010.005
2026-02-22T14:18:12.160861+00:00,1771769892160.849,2026-02-22T14:18:13.562882Z,1771769893562.882,BTC/EUR,57354.5,57355.2,0.11912421,0.03163343,-1402.032,6.898,2010.392
2026-02-22T14:18:12.162959+00:00,1771769892162.942,2026-02-22T14:18:13.562882Z,1771769893562.882,BTC/EUR,57354.1,57355.2,0.00116395,0.03163343,-1399.939,8.991,2012.485
2026-02-22T14:18:12.163014+00:00,1771769892163.007,2026-02-22T14:18:13.565177Z,1771769893565.177,BTC/EUR,57354.1,57354.6,0.00116395,0.03163343,-1402.170,6.760,2012.550
2026-02-22T14:18:12.165541+00:00,1771769892165.526,2026-02-22T14:18:13.567295Z,1771769893567.295,BTC/EUR,57354.1,57355.2,0.00116395,0.03163343,-1401.769,7.162,2015.069
2026-02-22T14:18:12.165573+00:00,1771769892165.563,2026-02-22T14:18:13.567306Z,1771769893567.306,BTC/EUR,57354.5,57355.2,0.11912421,0.03163343,-1401.743,7.187,2015.106
2026-02-22T14:18:12.167444+00:00,1771769892167.427,2026-02-22T14:18:13.567295Z,1771769893567.295,BTC/EUR,57354.1,57355.2,0.00116395,0.03163343,-1399.868,9.062,2016.970
2026-02-22T14:18:12.167470+00:00,1771769892167.464,2026-02-22T14:18:13.569232Z,1771769893569.232,BTC/EUR,57354.1,57354.6,0.00116395,0.03163343,-1401.768,7.163,2017.007
2026-02-22T14:18:12.169863+00:00,1771769892169.846,2026-02-22T14:18:13.571266Z,1771769893571.266,BTC/EUR,57354.1,57355.2,0.00116395,0.03163343,-1401.420,7.510,2019.389
2026-02-22T14:18:12.169890+00:00,1771769892169.884,2026-02-22T14:18:13.571583Z,1771769893571.583,BTC/EUR,57354.5,57355.2,0.11912421,0.03163343,-1401.699,7.231,2019.427
2026-02-22T14:18:12.171173+00:00,1771769892171.156,2026-02-22T14:18:13.573411Z,1771769893573.411,BTC/EUR,57354.5,57354.6,0.11912421,0.03163343,-1402.254,6.676,2020.699
2026-02-22T14:18:12.171541+00:00,1771769892171.532,2026-02-22T14:18:13.573411Z,1771769893573.411,BTC/EUR,57354.1,57354.6,0.00116395,0.03163343,-1401.879,7.052,2021.075
2026-02-22T14:18:12.173353+00:00,1771769892173.346,2026-02-22T14:18:13.575141Z,1771769893575.141,BTC/EUR,57354.1,57355.2,0.00116395,0.03163343,-1401.795,7.136,2022.889
2026-02-22T14:18:12.173368+00:00,1771769892173.364,2026-02-22T14:18:13.575204Z,1771769893575.204,BTC/EUR,57354.5,57355.2,0.11912421,0.03163343,-1401.840,7.090,2022.907
2026-02-22T14:18:12.175375+00:00,1771769892175.363,2026-02-22T14:18:13.575141Z,1771769893575.141,BTC/EUR,57354.1,57355.2,0.00116395,0.03163343,-1399.778,9.152,2024.906
2026-02-22T14:18:12.175403+00:00,1771769892175.394,2026-02-22T14:18:13.577389Z,1771769893577.389,BTC/EUR,57354.1,57354.6,0.00116395,0.03163343,-1401.995,6.935,2024.937
2026-02-22T14:18:12.178812+00:00,1771769892178.793,2026-02-22T14:18:13.580668Z,1771769893580.668,BTC/EUR,57354.1,57355.2,0.00116395,0.03163343,-1401.875,7.056,2028.336
2026-02-22T14:18:12.178842+00:00,1771769892178.835,2026-02-22T14:18:13.580692Z,1771769893580.692,BTC/EUR,57354.3,57355.2,0.0148,0.03163343,-1401.857,7.073,2028.378
2026-02-22T14:18:12.179469+00:00,1771769892179.452,2026-02-22T14:18:13.580811Z,1771769893580.811,BTC/EUR,57354.5,57355.2,0.11912421,0.03163343,-1401.359,7.572,2028.995
2026-02-22T14:18:12.181056+00:00,1771769892181.045,2026-02-22T14:18:13.580668Z,1771769893580.668,BTC/EUR,57354.1,57355.2,0.00116395,0.03163343,-1399.623,9.307,2030.588
2026-02-22T14:18:12.181075+00:00,1771769892181.070,2026-02-22T14:18:13.582975Z,1771769893582.975,BTC/EUR,57354.1,57354.6,0.00116395,0.03163343,-1401.905,7.025,2030.613
2026-02-22T14:18:12.182969+00:00,1771769892182.932,2026-02-22T14:18:13.584701Z,1771769893584.701,BTC/EUR,57354.1,57355.2,0.00116395,0.03163343,-1401.769,7.161,2032.475
2026-02-22T14:18:12.183159+00:00,1771769892183.140,2026-02-22T14:18:13.585309Z,1771769893585.309,BTC/EUR,57354.5,57355.2,0.11912421,0.03163343,-1402.169,6.761,2032.683
2026-02-22T14:18:12.185114+00:00,1771769892185.096,2026-02-22T14:18:13.586981Z,1771769893586.981,BTC/EUR,57354.5,57354.6,0.11912421,0.03163343,-1401.885,7.045,2034.639
2026-02-22T14:18:12.185184+00:00,1771769892185.175,2026-02-22T14:18:13.586981Z,1771769893586.981,BTC/EUR,57354.1,57354.6,0.00116395,0.03163343,-1401.806,7.125,2034.718
2026-02-22T14:18:12.187598+00:00,1771769892187.581,2026-02-22T14:18:13.588813Z,1771769893588.813,BTC/EUR,57354.1,57355.2,0.00116395,0.03163343,-1401.232,7.698,2037.124
2026-02-22T14:18:12.187625+00:00,1771769892187.618,2026-02-22T14:18:13.588925Z,1771769893588.925,BTC/EUR,57354.5,57355.2,0.11912421,0.03163343,-1401.306,7.624,2037.161
2026-02-22T14:18:12.190953+00:00,1771769892190.940,2026-02-22T14:18:13.588813Z,1771769893588.813,BTC/EUR,57354.1,57355.2,0.00116395,0.03163343,-1397.873,11.058,2040.483
2026-02-22T14:18:12.190974+00:00,1771769892190.968,2026-02-22T14:18:13.590563Z,1771769893590.563,BTC/EUR,57354.1,57354.6,0.00116395,0.03163343,-1399.595,9.336,2040.511
2026-02-22T14:18:12.192270+00:00,1771769892192.236,2026-02-22T14:18:13.593724Z,1771769893593.724,BTC/EUR,57354.1,57354.6,0.01596395,0.03163343,-1401.488,7.442,2041.779
2026-02-22T14:18:12.195060+00:00,1771769892195.044,2026-02-22T14:18:13.594284Z,1771769893594.284,BTC/EUR,57354.5,57354.6,0.11912421,0.03163343,-1399.240,9.690,2044.587
2026-02-22T14:18:12.195114+00:00,1771769892195.107,2026-02-22T14:18:13.594411Z,1771769893594.411,BTC/EUR,57354.5,57355.2,0.11912421,0.03163343,-1399.304,9.626,2044.650
2026-02-22T14:18:12.195130+00:00,1771769892195.125,2026-02-22T14:18:13.596110Z,1771769893596.110,BTC/EUR,57354.2,57355.2,0.13392484,0.03163343,-1400.985,7.946,2044.668
2026-02-22T14:18:12.195144+00:00,1771769892195.140,2026-02-22T14:18:13.596156Z,1771769893596.156,BTC/EUR,57354.2,57355.2,0.11912484,0.03163343,-1401.016,7.914,2044.683
2026-02-22T14:18:12.195157+00:00,1771769892195.153,2026-02-22T14:18:13.596279Z,1771769893596.279,BTC/EUR,57354.2,57354.6,0.11912484,0.03163343,-1401.126,7.804,2044.696
2026-02-22T14:18:12.196424+00:00,1771769892196.418,2026-02-22T14:18:13.597696Z,1771769893597.696,BTC/EUR,57354.3,57354.6,0.11912463,0.03163343,-1401.278,7.652,2045.961
2026-02-22T14:18:12.197343+00:00,1771769892197.337,2026-02-22T14:18:13.598175Z,1771769893598.175,BTC/EUR,57354.3,57355.2,0.11912463,0.03163343,-1400.838,8.093,2046.880
2026-02-22T14:18:12.197660+00:00,1771769892197.655,2026-02-22T14:18:13.599098Z,1771769893599.098,BTC/EUR,57354.5,57355.2,0.11912421,0.03163343,-1401.443,7.487,2047.198
2026-02-22T14:18:12.208225+00:00,1771769892208.192,2026-02-22T14:18:13.598175Z,1771769893598.175,BTC/EUR,57354.1,57355.2,0.00116395,0.03163343,-1389.983,18.947,2057.735
2026-02-22T14:18:12.208283+00:00,1771769892208.267,2026-02-22T14:18:13.600980Z,1771769893600.980,BTC/EUR,57354.1,57354.6,0.00116395,0.03163343,-1392.713,16.218,2057.810
2026-02-22T14:18:12.208317+00:00,1771769892208.306,2026-02-22T14:18:13.602413Z,1771769893602.413,BTC/EUR,57354.1,57355.2,0.00116395,0.03163343,-1394.107,14.823,2057.849
2026-02-22T14:18:12.208346+00:00,1771769892208.336,2026-02-22T14:18:13.602967Z,1771769893602.967,BTC/EUR,57354.5,57355.2,0.11912421,0.03163343,-1394.631,14.299,2057.879
2026-02-22T14:18:12.208454+00:00,1771769892208.442,2026-02-22T14:18:13.604363Z,1771769893604.363,BTC/EUR,57354.5,57354.6,0.11912421,0.03163343,-1395.921,13.010,2057.985
2026-02-22T14:18:12.208484+00:00,1771769892208.474,2026-02-22T14:18:13.604363Z,1771769893604.363,BTC/EUR,57354.1,57354.6,0.00116395,0.03163343,-1395.889,13.042,2058.017
2026-02-22T14:18:12.208511+00:00,1771769892208.501,2026-02-22T14:18:13.606384Z,1771769893606.384,BTC/EUR,57354.5,57354.6,0.11912421,0.03163343,-1397.883,11.048,2058.044
2026-02-22T14:18:12.208537+00:00,1771769892208.528,2026-02-22T14:18:13.606680Z,1771769893606.680,BTC/EUR,57354.5,57355.2,0.11912421,0.03163343,-1398.152,10.778,2058.071
2026-02-22T14:18:12.208562+00:00,1771769892208.552,2026-02-22T14:18:13.608307Z,1771769893608.307,BTC/EUR,57354.5,57354.6,0.11912421,0.03163343,-1399.754,9.176,2058.095
2026-02-22T14:18:12.208834+00:00,1771769892208.822,2026-02-22T14:18:13.608307Z,1771769893608.307,BTC/EUR,57354.1,57354.6,0.00116395,0.03163343,-1399.485,9.445,2058.365
2026-02-22T14:18:12.209864+00:00,1771769892209.858,2026-02-22T14:18:13.612184Z,1771769893612.184,BTC/EUR,57354.5,57354.6,0.11912421,0.03163343,-1402.326,6.604,2059.401
2026-02-22T14:18:12.210727+00:00,1771769892210.710,2026-02-22T14:18:13.612647Z,1771769893612.647,BTC/EUR,57354.5,57355.2,0.11912421,0.03163343,-1401.937,6.993,2060.253
2026-02-22T14:18:12.211958+00:00,1771769892211.941,2026-02-22T14:18:13.614034Z,1771769893614.034,BTC/EUR,57354.5,57354.6,0.11912421,0.03163343,-1402.093,6.837,2061.484
2026-02-22T14:18:12.212506+00:00,1771769892212.487,2026-02-22T14:18:13.614034Z,1771769893614.034,BTC/EUR,57354.1,57354.6,0.00116395,0.03163343,-1401.547,7.384,2062.030
2026-02-22T14:18:12.214081+00:00,1771769892214.062,2026-02-22T14:18:13.616164Z,1771769893616.164,BTC/EUR,57354.1,57355.2,0.00116395,0.03163343,-1402.103,6.828,2063.604
2026-02-22T14:18:12.214434+00:00,1771769892214.419,2026-02-22T14:18:13.616468Z,1771769893616.468,BTC/EUR,57354.5,57355.2,0.11912421,0.03163343,-1402.049,6.881,2063.962
2026-02-22T14:18:12.215605+00:00,1771769892215.589,2026-02-22T14:18:13.616933Z,1771769893616.933,BTC/EUR,57354.5,57355.2,0.13392421,0.03163343,-1401.344,7.586,2065.132
2026-02-22T14:18:12.217647+00:00,1771769892217.630,2026-02-22T14:18:13.619443Z,1771769893619.443,BTC/EUR,57354.5,57355.2,0.0148,0.03163343,-1401.813,7.118,2067.173
2026-02-22T14:18:12.220581+00:00,1771769892220.564,2026-02-22T14:18:13.620114Z,1771769893620.114,BTC/EUR,57354.5,57354.6,0.0148,0.03163343,-1399.550,9.381,2070.107
2026-02-22T14:18:12.220612+00:00,1771769892220.602,2026-02-22T14:18:13.620114Z,1771769893620.114,BTC/EUR,57354.1,57354.6,0.00116395,0.03163343,-1399.512,9.418,2070.145
2026-02-22T14:18:12.220629+00:00,1771769892220.624,2026-02-22T14:18:13.621745Z,1771769893621.745,BTC/EUR,57354.5,57354.6,0.11912421,0.03163343,-1401.122,7.809,2070.167
2026-02-22T14:18:12.220844+00:00,1771769892220.837,2026-02-22T14:18:13.622530Z,1771769893622.530,BTC/EUR,57354.5,57355.2,0.11912421,0.03163343,-1401.693,7.237,2070.380
2026-02-22T14:18:12.222419+00:00,1771769892222.386,2026-02-22T14:18:13.623935Z,1771769893623.935,BTC/EUR,57354.5,57354.6,0.11912421,0.03163343,-1401.549,7.382,2071.929
2026-02-22T14:18:12.222543+00:00,1771769892222.529,2026-02-22T14:18:13.623935Z,1771769893623.935,BTC/EUR,57354.1,57354.6,0.00116395,0.03163343,-1401.406,7.524,2072.072
2026-02-22T14:18:12.224627+00:00,1771769892224.615,2026-02-22T14:18:13.626484Z,1771769893626.484,BTC/EUR,57354.1,57355.2,0.00116395,0.03163343,-1401.869,7.062,2074.158
2026-02-22T14:18:12.224647+00:00,1771769892224.642,2026-02-22T14:18:13.626584Z,1771769893626.584,BTC/EUR,57354.5,57355.2,0.11912421,0.03163343,-1401.942,6.988,2074.185
2026-02-22T14:18:12.226137+00:00,1771769892226.130,2026-02-22T14:18:13.626484Z,1771769893626.484,BTC/EUR,57354.1,57355.2,0.00116395,0.03163343,-1400.354,8.577,2075.673
2026-02-22T14:18:12.226824+00:00,1771769892226.787,2026-02-22T14:18:13.628860Z,1771769893628.860,BTC/EUR,57354.1,57354.6,0.00116395,0.03163343,-1402.073,6.857,2076.330
2026-02-22T14:18:12.228698+00:00,1771769892228.365,2026-02-22T14:18:13.630383Z,1771769893630.383,BTC/EUR,57354.1,57355.2,0.00116395,0.03163343,-1402.018,6.912,2077.908
2026-02-22T14:18:12.229154+00:00,1771769892229.142,2026-02-22T14:18:13.631353Z,1771769893631.353,BTC/EUR,57354.2,57355.2,0.0148,0.03163343,-1402.211,6.719,2078.685
2026-02-22T14:18:12.229787+00:00,1771769892229.780,2026-02-22T14:18:13.631785Z,1771769893631.785,BTC/EUR,57354.5,57355.2,0.11912421,0.03163343,-1402.005,6.925,2079.323
2026-02-22T14:18:12.233095+00:00,1771769892233.076,2026-02-22T14:18:13.633524Z,1771769893633.524,BTC/EUR,57354.5,57354.6,0.11912421,0.03163343,-1400.448,8.482,2082.619
2026-02-22T14:18:12.233128+00:00,1771769892233.120,2026-02-22T14:18:13.633654Z,1771769893633.654,BTC/EUR,57354.3,57354.6,0.11912463,0.03163343,-1400.534,8.396,2082.663
2026-02-22T14:18:12.233756+00:00,1771769892233.740,2026-02-22T14:18:13.633524Z,1771769893633.524,BTC/EUR,57354.1,57354.6,0.00116395,0.03163343,-1399.784,9.146,2083.282
2026-02-22T14:18:12.233784+00:00,1771769892233.778,2026-02-22T14:18:13.635290Z,1771769893635.290,BTC/EUR,57354.1,57355.2,0.00116395,0.03163343,-1401.512,7.418,2083.321
2026-02-22T14:18:12.233836+00:00,1771769892233.830,2026-02-22T14:18:13.635986Z,1771769893635.986,BTC/EUR,57354.4,57355.2,0.21461939,0.03163343,-1402.156,6.774,2083.373
2026-02-22T14:18:12.236311+00:00,1771769892236.294,2026-02-22T14:18:13.636992Z,1771769893636.992,BTC/EUR,57354.5,57355.2,0.11912421,0.03163343,-1400.698,8.232,2085.837
2026-02-22T14:18:12.237066+00:00,1771769892237.050,2026-02-22T14:18:13.638713Z,1771769893638.713,BTC/EUR,57354.5,57354.6,0.11912421,0.03163343,-1401.663,7.268,2086.593
2026-02-22T14:18:12.241073+00:00,1771769892241.044,2026-02-22T14:18:13.642870Z,1771769893642.870,BTC/EUR,57354.5,57354.6,0.13392421,0.03163343,-1401.826,7.104,2090.587
2026-02-22T14:18:12.252289+00:00,1771769892252.273,2026-02-22T14:18:13.642870Z,1771769893642.870,BTC/EUR,57354.5,57355.3,0.13392421,0.02405993,-1390.596,18.334,2101.816
2026-02-22T14:18:12.253317+00:00,1771769892253.299,2026-02-22T14:18:13.655086Z,1771769893655.086,BTC/EUR,57354.5,57355.3,0.11912421,0.02405993,-1401.787,7.144,2102.842
2026-02-22T14:18:12.253612+00:00,1771769892253.603,2026-02-22T14:18:13.655511Z,1771769893655.511,BTC/EUR,57355.2,57355.3,0.11912276,0.02405993,-1401.908,7.023,2103.146
2026-02-22T14:18:12.320431+00:00,1771769892320.394,2026-02-22T14:18:13.720944Z,1771769893720.944,BTC/EUR,57355.2,57355.3,0.13392276,0.02405993,-1400.550,8.380,2169.937
2026-02-22T14:18:13.083276+00:00,1771769893083.241,2026-02-22T14:18:14.481950Z,1771769894481.950,BTC/EUR,57355.2,57355.3,0.11912276,0.02405993,-1398.709,10.221,2932.784
2026-02-22T14:18:13.083320+00:00,1771769893083.313,2026-02-22T14:18:14.483704Z,1771769894483.704,BTC/EUR,57355.2,57355.3,0.13392276,0.02405993,-1400.391,8.539,2932.856
2026-02-22T14:18:13.089628+00:00,1771769893089.612,2026-02-22T14:18:14.489128Z,1771769894489.128,BTC/EUR,57355.2,57355.3,0.13392276,0.05569336,-1399.517,9.414,2939.155
2026-02-22T14:18:13.102071+00:00,1771769893102.046,2026-02-22T14:18:14.496752Z,1771769894496.752,BTC/EUR,57355.2,57355.3,0.0148,0.05569336,-1394.706,14.224,2951.589
2026-02-22T14:18:13.161258+00:00,1771769893161.239,2026-02-22T14:18:14.562193Z,1771769894562.193,BTC/EUR,57355.2,57355.3,0.13392278,0.05569336,-1400.954,7.977,3010.782
2026-02-22T14:18:13.161287+00:00,1771769893161.280,2026-02-22T14:18:14.562415Z,1771769894562.415,BTC/EUR,57355.2,57355.3,0.13392278,0.02405993,-1401.135,7.795,3010.823
2026-02-22T14:18:13.310733+00:00,1771769893310.699,2026-02-22T14:18:14.711641Z,1771769894711.641,BTC/EUR,57355.2,57355.3,0.11912278,0.02405993,-1400.942,7.988,3160.242
2026-02-22T14:18:13.407440+00:00,1771769893406.980,2026-02-22T14:18:14.779560Z,1771769894779.560,BTC/EUR,57355.2,57355.3,0.13392278,0.02405993,-1372.580,36.350,3256.523
2026-02-22T14:18:13.656018+00:00,1771769893655.977,2026-02-22T14:18:15.056385Z,1771769895056.385,BTC/EUR,57355.2,57355.3,0.11912278,0.02405993,-1400.408,8.522,3505.520
2026-02-22T14:18:13.754140+00:00,1771769893754.103,2026-02-22T14:18:14.735285Z,1771769894735.285,BTC/EUR,57354.5,57355.3,0.21461902,0.02405993,-981.182,427.748,3603.646
2026-02-22T14:18:13.754187+00:00,1771769893754.179,2026-02-22T14:18:15.155798Z,1771769895155.798,BTC/EUR,57354.5,57355.3,0.21461902,0.05569336,-1401.619,7.312,3603.722
2026-02-22T14:18:13.755748+00:00,1771769893755.738,2026-02-22T14:18:15.157507Z,1771769895157.507,BTC/EUR,57354.5,57354.6,0.21461902,0.03163343,-1401.769,7.162,3605.281
2026-02-22T14:18:13.954682+00:00,1771769893954.652,2026-02-22T14:18:15.353356Z,1771769895353.356,BTC/EUR,57354.5,57354.6,0.33374325,0.03163343,-1398.704,10.227,3804.195
2026-02-22T14:18:13.954727+00:00,1771769893954.716,2026-02-22T14:18:15.353656Z,1771769895353.656,BTC/EUR,57354.5,57355.2,0.33374325,0.03163343,-1398.940,9.990,3804.259
2026-02-22T14:18:13.954750+00:00,1771769893954.742,2026-02-22T14:18:15.355335Z,1771769895355.335,BTC/EUR,57354.6,57355.2,0.11912402,0.03163343,-1400.593,8.337,3804.285
2026-02-22T14:18:13.956968+00:00,1771769893956.958,2026-02-22T14:18:15.353656Z,1771769895353.656,BTC/EUR,57354.1,57355.2,0.00116395,0.03163343,-1396.698,12.232,3806.501
2026-02-22T14:18:13.957355+00:00,1771769893957.348,2026-02-22T14:18:15.359611Z,1771769895359.611,BTC/EUR,57354.7,57355.2,0.21461827,0.03163343,-1402.263,6.667,3806.891
2026-02-22T14:18:13.959220+00:00,1771769893959.208,2026-02-22T14:18:15.361302Z,1771769895361.302,BTC/EUR,57354.7,57354.8,0.21461827,0.03163343,-1402.094,6.836,3808.751
2026-02-22T14:18:13.960794+00:00,1771769893960.780,2026-02-22T14:18:15.363078Z,1771769895363.078,BTC/EUR,57354.7,57354.8,0.33374208,0.03163343,-1402.298,6.632,3810.323
2026-02-22T14:18:14.022010+00:00,1771769894021.969,2026-02-22T14:18:15.363078Z,1771769895363.078,BTC/EUR,57354.7,57355.3,0.33374208,0.02405993,-1341.109,67.822,3871.512
2026-02-22T14:18:14.022065+00:00,1771769894022.054,2026-02-22T14:18:15.420881Z,1771769895420.881,BTC/EUR,57355.2,57355.3,0.11912278,0.02405993,-1398.827,10.104,3871.597
2026-02-22T14:18:14.035897+00:00,1771769894035.874,2026-02-22T14:18:15.437816Z,1771769895437.816,BTC/EUR,57355.2,57355.3,0.13392278,0.02405993,-1401.942,6.989,3885.417
2026-02-22T14:18:14.225236+00:00,1771769894225.200,2026-02-22T14:18:15.626059Z,1771769895626.059,BTC/EUR,57355.2,57355.3,0.0148,0.02405993,-1400.859,8.071,4074.743
2026-02-22T14:18:14.225399+00:00,1771769894225.389,2026-02-22T14:18:15.626138Z,1771769895626.138,BTC/EUR,57355.2,57355.3,0.0148,0.05569336,-1400.749,8.182,4074.932
2026-02-22T14:18:14.714960+00:00,1771769894714.922,2026-02-22T14:18:16.114839Z,1771769896114.839,BTC/EUR,57355.2,57355.3,0.13392215,0.05569336,-1399.917,9.013,4564.465
2026-02-22T14:18:14.715012+00:00,1771769894715.000,2026-02-22T14:18:16.115033Z,1771769896115.033,BTC/EUR,57355.2,57355.3,0.13392215,0.02405993,-1400.033,8.898,4564.543
2026-02-22T14:18:15.153903+00:00,1771769895153.843,2026-02-22T14:18:16.546027Z,1771769896546.027,BTC/EUR,57355.2,57355.3,0.2373637,0.02405993,-1392.184,16.747,5003.386
2026-02-22T14:18:15.206869+00:00,1771769895206.852,2026-02-22T14:18:16.601539Z,1771769896601.539,BTC/EUR,57355.2,57355.3,0.33103721,0.02405993,-1394.687,14.244,5056.395
2026-02-22T14:18:15.206897+00:00,1771769895206.889,2026-02-22T14:18:16.607773Z,1771769896607.773,BTC/EUR,57355.2,57355.3,0.36403721,0.02405993,-1400.884,8.047,5056.432
2026-02-22T14:18:15.940826+00:00,1771769895940.791,2026-02-22T14:18:17.342459Z,1771769897342.459,BTC/EUR,57355.2,57355.3,0.36843721,0.02405993,-1401.668,7.262,5790.334
2026-02-22T14:18:17.135622+00:00,1771769897135.586,2026-02-22T14:18:18.537039Z,1771769898537.039,BTC/EUR,57355.2,57355.3,0.38954818,0.02405993,-1401.453,7.477,6985.129
2026-02-22T14:18:18.035390+00:00,1771769898035.348,2026-02-22T14:18:19.437129Z,1771769899437.129,BTC/EUR,57355.2,57355.3,0.72253218,0.02405993,-1401.781,7.149,7884.891
